index,date,n
16,200405,1
21,200405,1
32,200405,1
35,200405,3
41,200405,2
63,200405,1
65,200405,2
75,200405,3
76,200405,1
77,200405,8
86,200405,4
88,200405,1
89,200405,1
99,200405,1
101,200405,3
102,200405,2
105,200405,1
111,200405,1
112,200405,1
114,200405,1
126,200405,1
132,200405,1
163,200405,1
171,200405,1
175,200405,1
185,200405,1
188,200405,3
189,200405,1
191,200405,4
202,200405,3
203,200405,4
204,200405,3
216,200405,5
217,200405,1
218,200405,2
219,200405,1
221,200405,1
224,200405,1
226,200405,1
230,200405,12
231,200405,1
243,200405,1
255,200405,1
257,200405,5
260,200405,3
269,200405,1
270,200405,1
271,200405,4
272,200405,9
281,200405,8
282,200405,1
283,200405,8
292,200405,4
293,200405,4
294,200405,3
295,200405,14
296,200405,5
303,200405,2
304,200405,2
305,200405,36
306,200405,8
307,200405,4
308,200405,1
316,200405,1
317,200405,4
318,200405,91
319,200405,13
320,200405,2
328,200405,4
329,200405,141
330,200405,64
332,200405,1
338,200405,45
339,200405,318
340,200405,11
341,200405,1
346,200405,139
347,200405,101
353,200405,202
354,200405,5
355,200405,2
359,200405,41
360,200405,1
365,200405,6
366,200405,2
370,200405,1
371,200405,1
376,200405,1
385,200405,1
480,200405,3
101,200308,2
113,200309,1
293,200309,1
318,200309,1
330,200309,1
339,200309,1
204,200310,1
293,200310,1
318,200310,1
163,200311,1
281,200311,3
305,200311,1
318,200311,3
353,200311,1
371,200311,1
77,200312,1
88,200312,1
145,200312,1
216,200312,1
260,200312,1
281,200312,1
293,200312,2
305,200312,1
328,200312,1
329,200312,1
339,200312,3
346,200312,4
347,200312,1
353,200312,1
371,200312,1
61,200313,1
77,200313,1
101,200313,1
185,200313,1
205,200313,1
281,200313,3
305,200313,1
306,200313,1
318,200313,3
328,200313,1
330,200313,3
338,200313,1
339,200313,2
340,200313,1
347,200313,3
353,200313,6
359,200313,2
360,200313,1
105,200314,1
329,200314,1
339,200314,5
346,200314,4
347,200314,1
353,200314,4
354,200314,1
359,200314,2
43,200315,1
99,200315,1
204,200315,1
281,200315,2
328,200315,1
329,200315,1
330,200315,2
339,200315,6
347,200315,3
348,200315,1
353,200315,6
354,200315,1
359,200315,1
365,200315,1
370,200315,1
26,200316,1
101,200316,1
109,200316,1
131,200316,1
162,200316,1
191,200316,2
281,200316,2
293,200316,2
317,200316,2
318,200316,4
329,200316,4
330,200316,1
331,200316,1
338,200316,2
339,200316,5
346,200316,5
347,200316,3
348,200316,1
353,200316,11
359,200316,3
365,200316,1
371,200316,1
83,200317,1
125,200317,1
204,200317,2
205,200317,2
221,200317,1
234,200317,2
255,200317,1
281,200317,6
282,200317,1
283,200317,1
295,200317,1
305,200317,1
318,200317,8
320,200317,1
328,200317,1
329,200317,3
330,200317,11
338,200317,2
339,200317,21
340,200317,2
346,200317,6
347,200317,8
353,200317,9
354,200317,2
359,200317,3
371,200317,2
21,200318,2
25,200318,1
35,200318,2
43,200318,1
44,200318,1
75,200318,1
88,200318,1
101,200318,1
153,200318,1
190,200318,1
192,200318,1
198,200318,2
218,200318,1
259,200318,1
273,200318,1
281,200318,4
292,200318,1
295,200318,1
305,200318,9
306,200318,2
317,200318,2
318,200318,13
319,200318,2
328,200318,1
329,200318,8
330,200318,12
331,200318,1
338,200318,6
339,200318,64
340,200318,1
346,200318,13
347,200318,13
348,200318,1
353,200318,37
354,200318,3
359,200318,11
360,200318,1
365,200318,2
371,200318,1
16,200420,3
21,200420,2
22,200420,3
24,200420,1
32,200420,1
35,200420,5
41,200420,1
43,200420,4
54,200420,1
55,200420,2
66,200420,1
67,200420,2
75,200420,13
76,200420,2
77,200420,31
78,200420,1
85,200420,1
86,200420,5
87,200420,1
88,200420,5
89,200420,4
94,200420,1
99,200420,11
100,200420,1
101,200420,5
104,200420,1
109,200420,2
111,200420,1
116,200420,1
120,200420,1
123,200420,5
125,200420,1
126,200420,1
127,200420,1
136,200420,2
137,200420,1
148,200420,6
149,200420,2
152,200420,1
161,200420,2
163,200420,1
170,200420,2
175,200420,1
176,200420,1
177,200420,1
183,200420,1
185,200420,2
188,200420,1
189,200420,2
191,200420,5
197,200420,2
198,200420,3
202,200420,2
203,200420,4
204,200420,1
213,200420,1
216,200420,10
217,200420,1
218,200420,5
229,200420,2
230,200420,13
232,200420,2
242,200420,2
244,200420,1
245,200420,4
248,200420,1
255,200420,3
257,200420,5
258,200420,3
260,200420,1
261,200420,1
267,200420,2
269,200420,2
271,200420,3
272,200420,11
273,200420,1
274,200420,1
280,200420,1
281,200420,13
282,200420,5
283,200420,11
284,200420,1
289,200420,1
292,200420,3
293,200420,3
294,200420,4
295,200420,12
296,200420,1
299,200420,2
301,200420,4
302,200420,2
305,200420,29
306,200420,9
307,200420,3
308,200420,1
314,200420,4
316,200420,1
317,200420,6
318,200420,35
319,200420,3
320,200420,9
321,200420,1
326,200420,1
328,200420,3
329,200420,60
330,200420,39
331,200420,1
333,200420,2
338,200420,17
339,200420,152
340,200420,14
346,200420,35
347,200420,38
348,200420,2
353,200420,76
354,200420,4
359,200420,23
360,200420,1
365,200420,3
370,200420,2
371,200420,3
480,200420,1
16,200319,1
35,200319,2
43,200319,1
77,200319,1
101,200319,1
107,200319,2
123,200319,1
173,200319,1
183,200319,1
185,200319,1
216,200319,1
218,200319,2
234,200319,1
247,200319,2
271,200319,1
272,200319,1
281,200319,2
283,200319,1
292,200319,8
293,200319,1
295,200319,3
304,200319,1
306,200319,2
317,200319,1
318,200319,8
319,200319,2
329,200319,7
330,200319,10
338,200319,1
339,200319,93
340,200319,6
342,200319,1
346,200319,23
347,200319,14
353,200319,47
359,200319,5
546,200319,1
22,200320,1
34,200320,1
38,200320,1
43,200320,2
44,200320,2
55,200320,1
65,200320,1
77,200320,6
88,200320,2
100,200320,1
101,200320,1
123,200320,1
191,200320,1
204,200320,2
205,200320,2
218,200320,1
219,200320,1
236,200320,1
269,200320,1
271,200320,4
281,200320,2
282,200320,2
283,200320,2
284,200320,1
293,200320,1
294,200320,1
295,200320,4
305,200320,8
306,200320,3
307,200320,3
317,200320,3
318,200320,26
319,200320,2
328,200320,1
329,200320,25
330,200320,18
338,200320,1
339,200320,96
340,200320,2
346,200320,20
347,200320,16
353,200320,69
359,200320,5
360,200320,1
372,200320,2
467,200320,1
480,200320,1
43,200321,1
44,200321,1
75,200321,1
86,200321,1
145,200321,1
159,200321,1
168,200321,1
191,200321,2
195,200321,1
198,200321,1
218,200321,1
229,200321,1
233,200321,1
236,200321,1
257,200321,2
260,200321,1
272,200321,3
279,200321,1
281,200321,3
283,200321,1
295,200321,7
305,200321,3
306,200321,2
307,200321,1
317,200321,3
318,200321,13
319,200321,2
328,200321,2
329,200321,17
330,200321,9
338,200321,8
339,200321,56
340,200321,4
346,200321,10
347,200321,17
353,200321,23
354,200321,2
359,200321,6
360,200321,1
16,200322,1
43,200322,1
65,200322,1
77,200322,5
86,200322,1
90,200322,1
99,200322,1
101,200322,1
113,200322,1
123,200322,1
143,200322,1
180,200322,2
212,200322,1
225,200322,1
257,200322,1
269,200322,1
270,200322,1
272,200322,1
283,200322,2
284,200322,1
291,200322,1
292,200322,2
295,200322,3
299,200322,1
305,200322,7
307,200322,2
317,200322,1
318,200322,14
319,200322,2
320,200322,1
328,200322,1
329,200322,39
330,200322,8
331,200322,1
338,200322,3
339,200322,79
340,200322,4
346,200322,21
347,200322,17
348,200322,1
353,200322,32
354,200322,2
359,200322,11
527,200322,1
21,200323,1
22,200323,1
24,200323,1
32,200323,2
43,200323,1
44,200323,1
74,200323,1
77,200323,3
83,200323,1
101,200323,1
118,200323,1
123,200323,1
145,200323,1
149,200323,1
162,200323,1
180,200323,1
184,200323,1
185,200323,1
189,200323,1
190,200323,1
191,200323,2
198,200323,2
202,200323,1
204,200323,2
205,200323,1
216,200323,3
219,200323,1
225,200323,1
230,200323,1
232,200323,1
235,200323,1
246,200323,1
257,200323,1
261,200323,1
272,200323,2
281,200323,7
283,200323,6
284,200323,1
291,200323,2
292,200323,3
293,200323,1
294,200323,1
295,200323,7
304,200323,1
305,200323,7
306,200323,2
307,200323,1
309,200323,1
317,200323,3
318,200323,21
319,200323,1
320,200323,1
328,200323,1
329,200323,37
330,200323,26
338,200323,6
339,200323,99
340,200323,2
346,200323,19
347,200323,19
353,200323,64
354,200323,2
359,200323,5
365,200323,2
371,200323,1
376,200323,2
385,200323,1
21,200324,1
24,200324,1
35,200324,1
43,200324,1
44,200324,1
52,200324,1
77,200324,1
94,200324,1
99,200324,2
101,200324,1
114,200324,1
123,200324,1
142,200324,1
157,200324,2
159,200324,1
171,200324,2
189,200324,2
191,200324,2
198,200324,3
202,200324,1
203,200324,2
205,200324,1
206,200324,1
216,200324,2
218,200324,2
221,200324,1
230,200324,5
234,200324,2
246,200324,2
260,200324,2
269,200324,1
270,200324,1
272,200324,3
281,200324,16
282,200324,2
283,200324,3
285,200324,1
291,200324,1
292,200324,4
293,200324,2
294,200324,1
295,200324,9
303,200324,1
304,200324,1
305,200324,9
306,200324,3
307,200324,4
309,200324,1
316,200324,1
317,200324,4
318,200324,30
319,200324,1
328,200324,2
329,200324,51
330,200324,32
338,200324,13
339,200324,140
340,200324,4
341,200324,1
346,200324,53
347,200324,34
353,200324,82
354,200324,4
357,200324,1
359,200324,20
360,200324,1
365,200324,4
371,200324,2
21,200325,2
22,200325,1
32,200325,1
35,200325,1
77,200325,4
88,200325,1
89,200325,1
99,200325,2
102,200325,1
105,200325,1
114,200325,1
123,200325,1
132,200325,1
140,200325,1
148,200325,1
151,200325,1
165,200325,1
170,200325,1
184,200325,1
188,200325,1
191,200325,3
200,200325,1
203,200325,1
204,200325,1
205,200325,2
216,200325,2
218,200325,2
228,200325,1
229,200325,1
230,200325,3
232,200325,1
234,200325,1
255,200325,1
259,200325,1
260,200325,1
270,200325,1
271,200325,1
272,200325,1
281,200325,3
283,200325,7
292,200325,3
293,200325,1
295,200325,8
305,200325,8
307,200325,1
317,200325,4
318,200325,29
319,200325,4
329,200325,48
330,200325,17
331,200325,2
332,200325,1
338,200325,21
339,200325,133
340,200325,3
346,200325,32
347,200325,36
348,200325,3
353,200325,73
354,200325,2
359,200325,19
360,200325,1
365,200325,4
371,200325,2
376,200325,1
385,200325,1
480,200325,1
482,200325,1
11,200326,1
16,200326,1
22,200326,2
35,200326,2
36,200326,1
41,200326,1
44,200326,1
55,200326,1
66,200326,1
75,200326,1
77,200326,2
83,200326,1
85,200326,1
88,200326,2
99,200326,2
101,200326,1
110,200326,1
117,200326,1
119,200326,1
123,200326,2
143,200326,1
148,200326,2
159,200326,1
161,200326,1
177,200326,1
180,200326,1
188,200326,1
191,200326,7
198,200326,1
202,200326,1
204,200326,4
215,200326,2
216,200326,5
217,200326,1
218,200326,1
230,200326,6
234,200326,1
244,200326,1
245,200326,1
246,200326,1
255,200326,4
257,200326,2
263,200326,2
269,200326,1
271,200326,4
272,200326,1
281,200326,14
282,200326,2
283,200326,6
285,200326,1
292,200326,17
293,200326,8
294,200326,3
295,200326,16
305,200326,35
306,200326,5
307,200326,7
308,200326,1
309,200326,2
316,200326,2
317,200326,10
318,200326,48
319,200326,3
328,200326,2
329,200326,98
330,200326,40
338,200326,11
339,200326,225
340,200326,8
346,200326,54
347,200326,59
348,200326,1
353,200326,104
354,200326,6
358,200326,1
359,200326,19
360,200326,1
365,200326,20
375,200326,1
376,200326,1
385,200326,1
430,200326,1
484,200326,1
489,200326,2
16,200327,2
21,200327,1
22,200327,2
30,200327,1
43,200327,2
62,200327,1
75,200327,1
77,200327,1
86,200327,2
89,200327,2
99,200327,1
101,200327,1
102,200327,1
112,200327,1
123,200327,1
140,200327,1
148,200327,4
159,200327,1
171,200327,2
180,200327,1
185,200327,1
188,200327,1
191,200327,3
202,200327,2
204,200327,7
216,200327,6
218,200327,4
230,200327,4
231,200327,1
232,200327,2
234,200327,1
243,200327,2
255,200327,1
257,200327,4
260,200327,1
267,200327,2
268,200327,1
269,200327,2
270,200327,1
271,200327,2
272,200327,1
273,200327,1
281,200327,15
282,200327,5
283,200327,7
284,200327,3
291,200327,1
292,200327,17
293,200327,9
294,200327,3
295,200327,23
303,200327,1
305,200327,47
306,200327,7
307,200327,6
317,200327,10
318,200327,66
319,200327,6
328,200327,5
329,200327,143
330,200327,45
334,200327,1
338,200327,34
339,200327,226
340,200327,11
341,200327,1
344,200327,1
346,200327,147
347,200327,50
348,200327,1
353,200327,103
354,200327,7
359,200327,31
360,200327,1
365,200327,9
367,200327,1
371,200327,1
376,200327,1
21,200328,1
22,200328,1
35,200328,1
41,200328,1
65,200328,1
77,200328,4
78,200328,2
85,200328,1
86,200328,1
87,200328,1
88,200328,3
99,200328,2
101,200328,2
102,200328,9
104,200328,1
123,200328,2
131,200328,1
157,200328,1
162,200328,1
178,200328,1
179,200328,1
191,200328,3
202,200328,1
204,200328,4
216,200328,5
217,200328,1
219,200328,1
230,200328,5
232,200328,1
255,200328,3
256,200328,1
258,200328,1
268,200328,1
269,200328,2
271,200328,4
272,200328,4
281,200328,9
282,200328,1
283,200328,5
292,200328,11
293,200328,6
294,200328,1
295,200328,17
296,200328,3
303,200328,1
305,200328,34
306,200328,4
307,200328,3
309,200328,2
316,200328,1
317,200328,5
318,200328,47
328,200328,2
329,200328,77
330,200328,33
331,200328,1
338,200328,24
339,200328,144
340,200328,6
346,200328,59
347,200328,50
353,200328,86
354,200328,3
355,200328,1
359,200328,9
361,200328,1
365,200328,3
444,200328,1
480,200328,2
16,200329,1
21,200329,1
22,200329,3
25,200329,1
31,200329,1
35,200329,1
40,200329,1
55,200329,1
65,200329,1
75,200329,1
77,200329,3
88,200329,1
89,200329,1
99,200329,3
102,200329,1
105,200329,1
123,200329,5
145,200329,1
148,200329,7
163,200329,1
165,200329,1
166,200329,1
178,200329,1
180,200329,1
186,200329,1
188,200329,1
189,200329,2
191,200329,5
199,200329,1
202,200329,1
203,200329,1
204,200329,6
213,200329,1
216,200329,6
217,200329,1
218,200329,5
230,200329,3
231,200329,1
232,200329,1
234,200329,1
241,200329,1
242,200329,1
244,200329,1
245,200329,1
246,200329,2
256,200329,1
257,200329,5
258,200329,1
259,200329,1
260,200329,1
267,200329,1
269,200329,4
271,200329,2
272,200329,4
281,200329,9
282,200329,10
283,200329,10
285,200329,1
292,200329,10
293,200329,2
294,200329,2
295,200329,15
296,200329,1
304,200329,1
305,200329,33
306,200329,6
307,200329,5
317,200329,8
318,200329,64
319,200329,2
320,200329,1
324,200329,1
328,200329,3
329,200329,96
330,200329,53
331,200329,1
332,200329,1
333,200329,1
338,200329,34
339,200329,218
340,200329,9
342,200329,1
346,200329,85
347,200329,52
353,200329,118
354,200329,7
355,200329,1
359,200329,20
361,200329,1
365,200329,10
370,200329,1
371,200329,1
375,200329,1
442,200329,1
480,200329,1
486,200329,1
2,200424,1
16,200424,5
18,200424,2
22,200424,3
24,200424,1
33,200424,1
35,200424,15
42,200424,2
43,200424,2
55,200424,3
56,200424,1
65,200424,1
66,200424,3
75,200424,1
76,200424,1
77,200424,44
78,200424,1
84,200424,1
86,200424,7
87,200424,2
88,200424,21
89,200424,4
99,200424,21
101,200424,4
113,200424,1
115,200424,1
123,200424,8
125,200424,1
126,200424,1
129,200424,1
134,200424,1
148,200424,82
151,200424,5
155,200424,1
163,200424,2
170,200424,1
176,200424,3
177,200424,1
182,200424,1
188,200424,4
191,200424,3
196,200424,1
197,200424,1
200,200424,1
202,200424,2
203,200424,1
204,200424,6
205,200424,1
216,200424,4
218,200424,1
230,200424,11
234,200424,1
240,200424,1
242,200424,2
246,200424,3
255,200424,2
256,200424,3
260,200424,11
267,200424,2
269,200424,1
272,200424,11
273,200424,1
281,200424,7
282,200424,3
283,200424,6
284,200424,4
285,200424,1
291,200424,1
292,200424,4
293,200424,2
294,200424,8
295,200424,8
296,200424,1
302,200424,1
303,200424,4
304,200424,1
305,200424,21
306,200424,10
307,200424,5
308,200424,1
314,200424,4
317,200424,5
318,200424,20
319,200424,5
320,200424,6
328,200424,2
329,200424,69
330,200424,22
331,200424,2
338,200424,47
339,200424,93
340,200424,8
342,200424,1
346,200424,40
347,200424,66
353,200424,70
354,200424,2
359,200424,41
360,200424,2
363,200424,1
365,200424,13
371,200424,1
376,200424,3
471,200424,1
480,200424,2
2,200330,1
11,200330,1
21,200330,1
22,200330,1
31,200330,1
32,200330,1
35,200330,2
41,200330,1
43,200330,2
63,200330,1
65,200330,1
77,200330,3
78,200330,1
86,200330,1
99,200330,1
101,200330,2
102,200330,23
109,200330,1
113,200330,1
114,200330,2
115,200330,1
123,200330,1
126,200330,1
131,200330,1
157,200330,1
158,200330,1
163,200330,1
176,200330,1
177,200330,2
180,200330,1
188,200330,5
189,200330,2
191,200330,5
200,200330,1
202,200330,1
204,200330,13
205,200330,2
216,200330,8
218,200330,9
222,200330,1
230,200330,12
232,200330,1
234,200330,2
246,200330,2
255,200330,1
256,200330,1
257,200330,3
258,200330,1
260,200330,2
267,200330,1
269,200330,2
271,200330,1
272,200330,11
273,200330,1
274,200330,2
281,200330,9
282,200330,6
283,200330,12
284,200330,2
285,200330,1
292,200330,12
293,200330,8
294,200330,3
295,200330,16
299,200330,1
304,200330,2
305,200330,37
306,200330,13
307,200330,6
308,200330,1
316,200330,1
317,200330,17
318,200330,67
319,200330,8
320,200330,3
321,200330,1
324,200330,1
328,200330,3
329,200330,125
330,200330,55
331,200330,1
338,200330,42
339,200330,212
340,200330,7
346,200330,97
347,200330,57
348,200330,1
353,200330,139
354,200330,4
355,200330,1
356,200330,1
359,200330,25
360,200330,3
361,200330,1
363,200330,1
365,200330,6
367,200330,2
371,200330,2
375,200330,1
376,200330,4
480,200330,1
482,200330,1
505,200330,1
527,200330,1
16,200331,1
21,200331,1
22,200331,2
31,200331,3
35,200331,1
38,200331,2
43,200331,1
48,200331,1
52,200331,1
75,200331,2
76,200331,1
77,200331,4
85,200331,2
86,200331,3
87,200331,1
88,200331,4
89,200331,1
91,200331,1
93,200331,1
98,200331,2
99,200331,3
100,200331,1
101,200331,1
107,200331,1
113,200331,1
123,200331,1
137,200331,1
148,200331,3
151,200331,1
162,200331,1
165,200331,1
169,200331,1
176,200331,2
178,200331,2
180,200331,1
184,200331,1
185,200331,2
188,200331,2
191,200331,8
201,200331,1
203,200331,3
204,200331,7
205,200331,4
216,200331,9
217,200331,3
218,200331,5
219,200331,1
230,200331,7
233,200331,1
234,200331,3
236,200331,2
242,200331,2
243,200331,1
245,200331,1
255,200331,3
256,200331,3
257,200331,3
258,200331,2
259,200331,1
260,200331,4
268,200331,1
269,200331,3
270,200331,1
271,200331,2
272,200331,5
273,200331,1
280,200331,1
281,200331,20
282,200331,13
283,200331,11
284,200331,1
285,200331,1
292,200331,27
293,200331,8
294,200331,4
295,200331,17
296,200331,2
303,200331,2
304,200331,2
305,200331,70
306,200331,7
307,200331,8
308,200331,1
309,200331,2
316,200331,4
317,200331,20
318,200331,87
319,200331,14
320,200331,3
328,200331,8
329,200331,111
330,200331,60
338,200331,38
339,200331,231
340,200331,14
346,200331,66
347,200331,74
348,200331,3
353,200331,128
354,200331,7
359,200331,47
360,200331,2
361,200331,1
365,200331,13
370,200331,1
371,200331,5
375,200331,1
376,200331,2
480,200331,4
489,200331,1
16,200401,2
24,200401,1
33,200401,1
35,200401,4
38,200401,1
54,200401,1
65,200401,1
75,200401,1
77,200401,6
78,200401,1
86,200401,1
88,200401,1
89,200401,1
90,200401,1
93,200401,1
94,200401,1
99,200401,1
102,200401,1
106,200401,1
107,200401,1
112,200401,1
123,200401,5
126,200401,1
148,200401,6
152,200401,1
159,200401,2
162,200401,1
169,200401,1
170,200401,1
171,200401,1
172,200401,2
178,200401,1
183,200401,2
185,200401,1
191,200401,8
192,200401,1
197,200401,1
200,200401,1
202,200401,1
203,200401,1
204,200401,11
216,200401,5
217,200401,2
218,200401,7
221,200401,1
223,200401,1
230,200401,12
231,200401,1
232,200401,3
242,200401,1
243,200401,1
247,200401,1
256,200401,3
257,200401,2
258,200401,2
260,200401,1
268,200401,2
269,200401,4
271,200401,3
272,200401,6
281,200401,6
282,200401,2
283,200401,14
292,200401,13
293,200401,8
294,200401,7
295,200401,32
303,200401,1
305,200401,27
306,200401,13
307,200401,6
316,200401,3
317,200401,18
318,200401,62
319,200401,11
320,200401,5
328,200401,5
329,200401,108
330,200401,72
331,200401,3
333,200401,1
338,200401,29
339,200401,283
340,200401,15
341,200401,2
346,200401,107
347,200401,76
348,200401,1
349,200401,1
353,200401,155
354,200401,13
359,200401,33
360,200401,1
365,200401,6
367,200401,1
370,200401,1
371,200401,1
376,200401,3
480,200401,1
484,200401,1
9,200409,1
11,200409,1
16,200409,6
22,200409,3
33,200409,1
35,200409,1
43,200409,1
57,200409,1
65,200409,2
67,200409,1
75,200409,1
77,200409,12
78,200409,1
87,200409,1
88,200409,2
89,200409,1
99,200409,3
101,200409,4
109,200409,2
115,200409,1
122,200409,1
123,200409,5
125,200409,1
126,200409,2
127,200409,1
148,200409,2
151,200409,3
159,200409,1
161,200409,1
164,200409,1
168,200409,1
170,200409,1
176,200409,2
178,200409,1
180,200409,3
191,200409,7
197,200409,1
199,200409,1
202,200409,1
203,200409,1
204,200409,5
216,200409,3
217,200409,3
218,200409,3
219,200409,1
220,200409,2
221,200409,1
230,200409,17
231,200409,1
232,200409,1
234,200409,1
246,200409,9
247,200409,1
256,200409,2
257,200409,4
258,200409,3
260,200409,4
267,200409,2
269,200409,5
271,200409,3
272,200409,16
274,200409,1
281,200409,8
282,200409,3
283,200409,17
284,200409,3
285,200409,2
291,200409,1
292,200409,8
293,200409,5
294,200409,5
295,200409,32
296,200409,1
303,200409,3
305,200409,39
306,200409,10
307,200409,10
308,200409,1
309,200409,1
316,200409,1
317,200409,8
318,200409,66
319,200409,13
320,200409,1
328,200409,3
329,200409,108
330,200409,47
333,200409,2
338,200409,28
339,200409,233
340,200409,12
341,200409,1
346,200409,77
347,200409,72
348,200409,6
353,200409,115
354,200409,8
355,200409,1
359,200409,45
360,200409,3
365,200409,4
370,200409,2
371,200409,1
376,200409,10
463,200409,1
480,200409,2
9,200402,1
16,200402,1
21,200402,6
22,200402,2
25,200402,1
35,200402,6
36,200402,1
43,200402,1
44,200402,1
54,200402,2
61,200402,2
64,200402,1
66,200402,1
75,200402,2
77,200402,4
78,200402,1
86,200402,1
88,200402,2
89,200402,2
91,200402,1
94,200402,1
101,200402,2
107,200402,1
124,200402,1
126,200402,1
131,200402,1
134,200402,1
148,200402,7
161,200402,1
163,200402,2
165,200402,1
170,200402,1
175,200402,3
177,200402,4
188,200402,9
190,200402,3
191,200402,11
203,200402,1
204,200402,9
205,200402,1
210,200402,1
215,200402,1
216,200402,6
217,200402,1
218,200402,9
230,200402,15
234,200402,1
242,200402,1
256,200402,1
257,200402,2
269,200402,1
270,200402,3
271,200402,6
272,200402,5
281,200402,4
282,200402,1
283,200402,13
284,200402,5
292,200402,16
293,200402,7
294,200402,3
295,200402,53
296,200402,1
305,200402,43
306,200402,18
307,200402,9
308,200402,1
309,200402,3
316,200402,4
317,200402,20
318,200402,99
319,200402,21
320,200402,3
321,200402,1
328,200402,7
329,200402,153
330,200402,79
331,200402,1
333,200402,1
338,200402,48
339,200402,404
340,200402,19
341,200402,2
346,200402,104
347,200402,85
348,200402,1
353,200402,212
354,200402,9
355,200402,1
359,200402,41
360,200402,2
365,200402,5
370,200402,1
376,200402,2
475,200402,1
489,200402,1
2,200403,1
16,200403,2
21,200403,2
22,200403,1
24,200403,1
31,200403,1
38,200403,2
41,200403,1
43,200403,2
48,200403,2
53,200403,1
55,200403,1
64,200403,1
65,200403,1
77,200403,10
85,200403,1
86,200403,2
94,200403,1
99,200403,2
102,200403,1
106,200403,1
123,200403,6
124,200403,1
126,200403,1
143,200403,1
148,200403,8
149,200403,2
152,200403,1
153,200403,1
161,200403,1
167,200403,1
168,200403,1
175,200403,1
177,200403,1
180,200403,2
184,200403,1
186,200403,1
188,200403,6
191,200403,9
197,200403,1
202,200403,2
203,200403,2
204,200403,8
215,200403,3
216,200403,6
218,200403,6
219,200403,1
230,200403,14
231,200403,1
232,200403,1
233,200403,2
234,200403,4
240,200403,1
242,200403,1
244,200403,3
246,200403,5
257,200403,3
260,200403,2
262,200403,1
267,200403,1
268,200403,2
270,200403,2
271,200403,5
272,200403,10
280,200403,2
281,200403,10
282,200403,4
283,200403,10
284,200403,1
285,200403,2
291,200403,2
292,200403,13
293,200403,4
294,200403,5
295,200403,24
296,200403,4
304,200403,1
305,200403,39
306,200403,16
307,200403,5
308,200403,1
317,200403,9
318,200403,69
319,200403,15
320,200403,16
321,200403,1
328,200403,4
329,200403,116
330,200403,69
331,200403,3
332,200403,1
338,200403,58
339,200403,308
340,200403,7
341,200403,1
346,200403,142
347,200403,87
348,200403,2
353,200403,191
354,200403,15
355,200403,1
359,200403,38
360,200403,1
361,200403,1
365,200403,17
367,200403,2
370,200403,1
371,200403,7
372,200403,1
375,200403,1
376,200403,3
443,200403,1
22,200404,1
41,200404,1
43,200404,1
52,200404,1
55,200404,2
65,200404,2
74,200404,1
76,200404,2
77,200404,9
85,200404,2
86,200404,1
87,200404,1
88,200404,2
90,200404,1
99,200404,3
101,200404,2
112,200404,2
113,200404,1
117,200404,1
127,200404,2
145,200404,1
148,200404,5
152,200404,1
159,200404,6
171,200404,1
175,200404,1
180,200404,2
188,200404,4
191,200404,2
202,200404,1
204,200404,5
209,200404,1
216,200404,2
218,200404,3
229,200404,1
230,200404,6
231,200404,1
234,200404,1
235,200404,1
240,200404,1
246,200404,2
255,200404,2
259,200404,2
260,200404,5
269,200404,1
270,200404,2
271,200404,3
272,200404,10
273,200404,1
281,200404,5
282,200404,1
283,200404,9
284,200404,2
285,200404,1
292,200404,8
293,200404,7
294,200404,3
295,200404,19
303,200404,1
304,200404,1
305,200404,29
306,200404,17
307,200404,5
309,200404,3
316,200404,1
317,200404,17
318,200404,65
319,200404,11
320,200404,3
328,200404,4
329,200404,105
330,200404,51
338,200404,39
339,200404,337
340,200404,11
341,200404,4
346,200404,151
347,200404,92
353,200404,200
354,200404,20
355,200404,1
359,200404,42
360,200404,2
361,200404,1
365,200404,8
370,200404,5
372,200404,2
375,200404,1
376,200404,4
540,200404,1
16,200406,1
21,200406,1
33,200406,1
35,200406,5
43,200406,2
44,200406,2
55,200406,2
62,200406,1
65,200406,1
75,200406,1
76,200406,1
77,200406,9
83,200406,1
86,200406,2
87,200406,1
88,200406,2
99,200406,1
107,200406,1
109,200406,3
113,200406,1
123,200406,7
135,200406,2
139,200406,1
143,200406,1
148,200406,13
149,200406,1
151,200406,2
161,200406,2
164,200406,2
167,200406,1
171,200406,1
175,200406,1
177,200406,1
180,200406,1
183,200406,1
188,200406,6
189,200406,1
191,200406,8
192,200406,1
193,200406,1
197,200406,1
198,200406,1
202,200406,1
203,200406,2
204,200406,9
216,200406,12
217,200406,1
218,200406,4
219,200406,1
221,200406,1
224,200406,1
229,200406,2
230,200406,12
233,200406,1
234,200406,1
240,200406,1
245,200406,1
246,200406,2
255,200406,2
256,200406,1
257,200406,1
260,200406,2
269,200406,1
270,200406,3
271,200406,5
272,200406,9
273,200406,1
280,200406,1
281,200406,5
282,200406,4
283,200406,24
292,200406,12
293,200406,10
294,200406,8
295,200406,27
296,200406,1
304,200406,1
305,200406,23
306,200406,16
307,200406,9
308,200406,1
309,200406,2
316,200406,1
317,200406,12
318,200406,104
319,200406,29
320,200406,8
328,200406,8
329,200406,132
330,200406,62
331,200406,1
338,200406,43
339,200406,328
340,200406,12
341,200406,2
346,200406,143
347,200406,86
353,200406,166
354,200406,16
355,200406,2
359,200406,33
365,200406,11
366,200406,3
367,200406,1
371,200406,8
376,200406,4
444,200406,1
16,200407,4
21,200407,1
22,200407,2
27,200407,1
38,200407,1
43,200407,2
52,200407,1
65,200407,5
75,200407,1
76,200407,1
77,200407,10
85,200407,2
86,200407,1
88,200407,8
89,200407,1
99,200407,2
101,200407,2
111,200407,1
115,200407,1
123,200407,2
134,200407,1
144,200407,1
148,200407,6
153,200407,1
161,200407,3
167,200407,2
170,200407,1
176,200407,1
180,200407,2
189,200407,1
190,200407,1
191,200407,21
197,200407,5
198,200407,2
199,200407,1
202,200407,1
203,200407,3
204,200407,6
205,200407,1
216,200407,7
218,200407,2
221,200407,1
230,200407,7
233,200407,1
234,200407,1
243,200407,1
244,200407,1
245,200407,1
246,200407,6
256,200407,3
257,200407,2
258,200407,3
260,200407,5
267,200407,1
269,200407,7
270,200407,2
271,200407,5
272,200407,9
273,200407,1
281,200407,8
282,200407,5
283,200407,16
284,200407,8
285,200407,2
292,200407,10
293,200407,3
294,200407,8
295,200407,30
298,200407,1
303,200407,10
304,200407,2
305,200407,22
306,200407,10
307,200407,10
308,200407,1
309,200407,1
316,200407,2
317,200407,9
318,200407,56
319,200407,14
320,200407,8
328,200407,3
329,200407,108
330,200407,62
331,200407,4
332,200407,1
338,200407,34
339,200407,194
340,200407,9
346,200407,91
347,200407,67
349,200407,1
351,200407,1
353,200407,102
354,200407,8
356,200407,1
359,200407,52
360,200407,3
361,200407,1
365,200407,4
370,200407,1
371,200407,2
372,200407,1
373,200407,1
375,200407,1
376,200407,6
486,200407,1
489,200407,1
16,200408,6
21,200408,1
22,200408,1
35,200408,10
38,200408,1
40,200408,1
55,200408,1
63,200408,1
75,200408,4
77,200408,10
85,200408,1
86,200408,2
88,200408,6
90,200408,1
98,200408,1
99,200408,3
102,200408,1
103,200408,1
123,200408,7
137,200408,1
143,200408,3
145,200408,1
148,200408,3
172,200408,1
176,200408,1
180,200408,12
183,200408,1
188,200408,3
189,200408,1
191,200408,11
197,200408,1
198,200408,2
203,200408,1
204,200408,10
205,200408,1
216,200408,6
218,200408,3
219,200408,1
221,200408,1
229,200408,1
230,200408,11
231,200408,2
232,200408,2
234,200408,1
244,200408,1
246,200408,2
247,200408,1
256,200408,6
257,200408,3
258,200408,1
259,200408,1
260,200408,5
267,200408,4
269,200408,2
271,200408,2
272,200408,16
281,200408,11
282,200408,4
283,200408,9
284,200408,4
285,200408,1
291,200408,1
292,200408,8
293,200408,4
294,200408,2
295,200408,25
296,200408,5
303,200408,2
305,200408,24
306,200408,14
307,200408,16
316,200408,1
317,200408,6
318,200408,70
319,200408,15
320,200408,5
321,200408,1
328,200408,6
329,200408,69
330,200408,63
331,200408,3
332,200408,1
338,200408,32
339,200408,235
340,200408,16
341,200408,1
342,200408,1
346,200408,73
347,200408,77
348,200408,2
353,200408,105
354,200408,13
355,200408,1
359,200408,44
361,200408,1
365,200408,14
370,200408,3
371,200408,6
372,200408,1
375,200408,1
376,200408,8
479,200408,1
480,200408,1
16,200502,5
19,200502,2
21,200502,18
22,200502,3
23,200502,1
30,200502,1
31,200502,1
34,200502,1
35,200502,16
40,200502,1
41,200502,1
43,200502,3
46,200502,1
64,200502,1
65,200502,1
66,200502,1
67,200502,1
75,200502,5
77,200502,66
78,200502,4
86,200502,5
88,200502,21
89,200502,6
99,200502,9
101,200502,7
109,200502,1
110,200502,1
113,200502,2
125,200502,2
126,200502,1
138,200502,1
148,200502,2
151,200502,2
152,200502,1
166,200502,1
188,200502,1
191,200502,7
193,200502,1
204,200502,10
216,200502,14
218,200502,1
220,200502,1
221,200502,1
230,200502,1
234,200502,1
243,200502,1
246,200502,2
247,200502,1
256,200502,2
257,200502,2
260,200502,4
267,200502,1
269,200502,1
271,200502,1
272,200502,9
281,200502,2
282,200502,2
284,200502,8
291,200502,1
292,200502,1
293,200502,3
294,200502,2
295,200502,4
296,200502,1
303,200502,1
305,200502,12
306,200502,4
307,200502,3
308,200502,1
316,200502,1
317,200502,1
318,200502,19
319,200502,2
328,200502,4
329,200502,49
330,200502,11
338,200502,14
339,200502,95
340,200502,3
346,200502,40
347,200502,35
348,200502,1
353,200502,74
354,200502,2
359,200502,7
365,200502,2
371,200502,1
16,200410,1
17,200410,1
21,200410,1
22,200410,3
31,200410,1
34,200410,1
35,200410,1
43,200410,3
53,200410,2
55,200410,1
63,200410,1
68,200410,1
75,200410,2
77,200410,10
85,200410,1
86,200410,1
88,200410,2
99,200410,1
101,200410,4
102,200410,1
112,200410,1
114,200410,1
116,200410,2
123,200410,10
126,200410,1
145,200410,4
148,200410,6
149,200410,3
161,200410,1
168,200410,1
170,200410,1
175,200410,1
180,200410,1
186,200410,1
188,200410,3
189,200410,2
191,200410,7
197,200410,1
202,200410,1
203,200410,3
204,200410,2
205,200410,1
216,200410,13
221,200410,1
230,200410,15
243,200410,1
244,200410,1
246,200410,2
249,200410,1
257,200410,3
258,200410,3
259,200410,1
260,200410,2
267,200410,3
268,200410,1
270,200410,3
271,200410,6
272,200410,10
281,200410,5
282,200410,4
283,200410,18
284,200410,3
285,200410,2
291,200410,1
292,200410,14
293,200410,15
294,200410,11
295,200410,25
296,200410,2
303,200410,1
304,200410,1
305,200410,37
306,200410,16
307,200410,12
309,200410,1
316,200410,1
317,200410,9
318,200410,69
319,200410,11
320,200410,5
328,200410,4
329,200410,87
330,200410,86
331,200410,2
338,200410,39
339,200410,218
340,200410,12
341,200410,1
346,200410,91
347,200410,84
348,200410,3
353,200410,137
354,200410,8
355,200410,1
359,200410,49
360,200410,4
361,200410,1
365,200410,8
370,200410,2
375,200410,3
376,200410,2
430,200410,1
480,200410,1
505,200410,1
9,200414,1
16,200414,1
21,200414,3
22,200414,2
25,200414,2
31,200414,1
35,200414,13
38,200414,1
40,200414,2
43,200414,2
44,200414,2
52,200414,1
55,200414,2
65,200414,1
67,200414,1
75,200414,3
77,200414,12
86,200414,2
87,200414,3
88,200414,2
89,200414,1
99,200414,2
100,200414,1
102,200414,1
123,200414,11
126,200414,1
129,200414,1
136,200414,1
148,200414,7
149,200414,3
154,200414,2
162,200414,3
164,200414,1
170,200414,1
175,200414,1
176,200414,1
185,200414,7
189,200414,3
191,200414,2
194,200414,1
195,200414,1
197,200414,1
198,200414,2
202,200414,2
203,200414,3
204,200414,2
208,200414,1
209,200414,1
216,200414,16
218,200414,1
221,200414,1
224,200414,2
230,200414,7
232,200414,2
234,200414,1
245,200414,1
246,200414,4
247,200414,1
255,200414,2
256,200414,5
257,200414,2
258,200414,5
260,200414,1
269,200414,4
270,200414,1
271,200414,2
272,200414,2
274,200414,1
280,200414,1
281,200414,4
282,200414,1
283,200414,5
284,200414,5
286,200414,1
291,200414,1
292,200414,7
293,200414,3
294,200414,4
295,200414,11
296,200414,1
299,200414,1
305,200414,31
306,200414,11
307,200414,2
316,200414,1
317,200414,8
318,200414,38
319,200414,9
320,200414,7
321,200414,1
328,200414,1
329,200414,73
330,200414,46
331,200414,1
338,200414,25
339,200414,159
340,200414,9
341,200414,1
346,200414,41
347,200414,70
349,200414,1
353,200414,105
354,200414,8
359,200414,19
365,200414,5
370,200414,1
371,200414,1
375,200414,1
376,200414,5
552,200414,1
16,200411,2
35,200411,2
43,200411,1
47,200411,1
65,200411,1
77,200411,10
80,200411,1
83,200411,1
88,200411,1
89,200411,3
99,200411,1
101,200411,2
123,200411,7
145,200411,1
148,200411,12
154,200411,1
176,200411,1
180,200411,2
185,200411,1
189,200411,2
190,200411,2
191,200411,3
193,200411,1
203,200411,2
204,200411,6
216,200411,6
218,200411,3
230,200411,8
232,200411,2
234,200411,2
244,200411,1
246,200411,5
256,200411,1
258,200411,13
260,200411,2
267,200411,4
269,200411,2
271,200411,2
272,200411,12
281,200411,9
282,200411,1
283,200411,8
284,200411,4
285,200411,1
292,200411,15
293,200411,2
294,200411,6
295,200411,21
296,200411,5
303,200411,2
305,200411,12
306,200411,12
307,200411,6
309,200411,1
314,200411,1
316,200411,1
317,200411,5
318,200411,32
319,200411,10
320,200411,4
328,200411,2
329,200411,42
330,200411,27
331,200411,1
332,200411,1
338,200411,21
339,200411,155
340,200411,8
341,200411,3
346,200411,62
347,200411,50
353,200411,86
354,200411,5
355,200411,1
359,200411,26
365,200411,8
366,200411,1
370,200411,1
375,200411,1
376,200411,2
480,200411,2
489,200411,1
16,200412,5
22,200412,1
24,200412,1
35,200412,2
44,200412,1
58,200412,1
63,200412,1
75,200412,2
77,200412,20
86,200412,2
88,200412,6
89,200412,1
90,200412,1
99,200412,4
100,200412,2
111,200412,1
123,200412,5
148,200412,3
151,200412,1
185,200412,1
188,200412,2
191,200412,4
204,200412,2
215,200412,1
216,200412,4
221,200412,1
230,200412,7
241,200412,2
246,200412,5
255,200412,1
257,200412,5
260,200412,2
268,200412,2
269,200412,1
270,200412,1
271,200412,1
272,200412,10
281,200412,2
282,200412,5
283,200412,9
284,200412,4
285,200412,2
292,200412,4
293,200412,1
294,200412,3
295,200412,13
296,200412,2
305,200412,24
306,200412,9
307,200412,2
316,200412,1
317,200412,10
318,200412,52
319,200412,6
320,200412,5
321,200412,1
328,200412,2
329,200412,64
330,200412,29
338,200412,19
339,200412,177
340,200412,10
346,200412,74
347,200412,72
348,200412,1
353,200412,117
354,200412,8
359,200412,34
360,200412,2
365,200412,4
370,200412,2
371,200412,3
375,200412,2
376,200412,2
16,200413,1
21,200413,2
22,200413,1
35,200413,11
40,200413,1
51,200413,1
54,200413,1
75,200413,2
77,200413,10
83,200413,2
85,200413,1
86,200413,1
87,200413,2
88,200413,4
99,200413,5
101,200413,2
123,200413,5
124,200413,2
129,200413,1
131,200413,1
138,200413,1
148,200413,6
151,200413,1
157,200413,1
162,200413,2
170,200413,1
185,200413,4
186,200413,1
189,200413,2
190,200413,1
191,200413,9
197,200413,1
198,200413,3
202,200413,2
203,200413,2
204,200413,2
216,200413,7
218,200413,1
225,200413,1
229,200413,2
230,200413,9
231,200413,1
245,200413,1
246,200413,2
247,200413,1
251,200413,1
255,200413,1
256,200413,1
257,200413,7
258,200413,3
260,200413,1
267,200413,1
268,200413,3
269,200413,1
271,200413,1
272,200413,5
281,200413,5
282,200413,2
283,200413,17
284,200413,9
285,200413,2
292,200413,9
293,200413,7
294,200413,3
295,200413,11
298,200413,1
299,200413,2
303,200413,2
304,200413,1
305,200413,43
306,200413,17
307,200413,4
308,200413,2
312,200413,1
317,200413,9
318,200413,79
319,200413,11
320,200413,3
324,200413,1
328,200413,2
329,200413,114
330,200413,43
331,200413,1
338,200413,34
339,200413,178
340,200413,13
341,200413,2
346,200413,97
347,200413,67
353,200413,119
354,200413,8
359,200413,52
360,200413,2
365,200413,3
480,200413,2
505,200413,1
16,200415,7
21,200415,2
22,200415,4
34,200415,1
35,200415,7
41,200415,1
43,200415,4
44,200415,1
49,200415,2
51,200415,1
52,200415,2
55,200415,1
62,200415,1
65,200415,2
75,200415,4
76,200415,1
77,200415,24
86,200415,1
88,200415,4
89,200415,3
99,200415,1
100,200415,2
101,200415,17
102,200415,1
109,200415,1
110,200415,1
112,200415,3
113,200415,1
116,200415,1
123,200415,7
124,200415,1
138,200415,2
148,200415,8
149,200415,2
161,200415,2
162,200415,1
163,200415,1
175,200415,1
176,200415,1
177,200415,1
180,200415,4
181,200415,1
184,200415,1
185,200415,3
188,200415,3
189,200415,1
191,200415,10
197,200415,2
198,200415,1
202,200415,2
203,200415,2
204,200415,6
208,200415,1
216,200415,7
217,200415,1
218,200415,1
225,200415,1
230,200415,5
231,200415,1
233,200415,3
234,200415,2
236,200415,1
243,200415,1
245,200415,2
246,200415,6
255,200415,3
256,200415,3
257,200415,7
258,200415,3
260,200415,4
267,200415,1
269,200415,1
270,200415,3
271,200415,3
272,200415,20
273,200415,1
274,200415,1
276,200415,1
280,200415,1
281,200415,8
282,200415,6
283,200415,12
284,200415,9
285,200415,2
286,200415,1
291,200415,1
292,200415,10
293,200415,4
294,200415,13
295,200415,25
296,200415,5
299,200415,1
301,200415,1
303,200415,1
304,200415,2
305,200415,37
306,200415,16
307,200415,8
308,200415,2
309,200415,1
316,200415,2
317,200415,12
318,200415,76
319,200415,15
320,200415,10
328,200415,6
329,200415,112
330,200415,45
331,200415,2
332,200415,1
334,200415,1
338,200415,47
339,200415,224
340,200415,12
341,200415,1
346,200415,89
347,200415,122
353,200415,138
354,200415,13
355,200415,1
357,200415,1
359,200415,48
360,200415,1
361,200415,1
363,200415,1
365,200415,5
370,200415,1
371,200415,6
376,200415,2
467,200415,1
9,200416,2
16,200416,2
22,200416,3
32,200416,1
35,200416,15
38,200416,1
40,200416,2
43,200416,3
44,200416,1
45,200416,2
51,200416,1
55,200416,2
64,200416,1
66,200416,1
75,200416,3
77,200416,24
78,200416,1
86,200416,1
87,200416,1
88,200416,3
89,200416,1
99,200416,6
101,200416,2
111,200416,1
112,200416,1
123,200416,3
125,200416,1
148,200416,8
155,200416,2
171,200416,1
176,200416,1
177,200416,1
180,200416,1
183,200416,1
185,200416,5
188,200416,1
189,200416,2
191,200416,2
197,200416,1
198,200416,3
203,200416,3
204,200416,5
216,200416,11
217,200416,1
218,200416,3
220,200416,1
221,200416,1
225,200416,1
229,200416,1
230,200416,13
234,200416,4
243,200416,2
244,200416,1
246,200416,4
255,200416,2
256,200416,3
257,200416,6
258,200416,16
259,200416,1
260,200416,4
268,200416,2
269,200416,1
270,200416,1
271,200416,6
272,200416,6
275,200416,1
277,200416,1
281,200416,4
282,200416,2
283,200416,15
284,200416,8
285,200416,1
292,200416,6
293,200416,2
294,200416,2
295,200416,17
296,200416,3
299,200416,1
304,200416,1
305,200416,35
306,200416,10
307,200416,2
308,200416,4
314,200416,3
317,200416,11
318,200416,35
319,200416,2
320,200416,9
321,200416,2
328,200416,2
329,200416,80
330,200416,27
338,200416,45
339,200416,132
340,200416,9
341,200416,2
346,200416,51
347,200416,69
353,200416,88
354,200416,5
355,200416,1
359,200416,46
360,200416,1
363,200416,1
365,200416,4
368,200416,1
371,200416,4
372,200416,1
376,200416,1
482,200416,2
11,200417,1
15,200417,1
16,200417,3
21,200417,1
22,200417,7
34,200417,1
35,200417,6
42,200417,1
43,200417,6
44,200417,1
49,200417,1
63,200417,1
64,200417,2
65,200417,1
75,200417,4
76,200417,1
77,200417,25
85,200417,1
86,200417,2
87,200417,1
88,200417,8
89,200417,3
94,200417,1
99,200417,5
115,200417,1
123,200417,3
125,200417,1
129,200417,7
132,200417,1
136,200417,1
138,200417,2
148,200417,13
149,200417,1
161,200417,2
163,200417,1
170,200417,2
171,200417,1
175,200417,1
176,200417,2
177,200417,1
178,200417,1
180,200417,5
185,200417,10
186,200417,1
188,200417,4
189,200417,3
191,200417,8
197,200417,1
198,200417,1
203,200417,3
204,200417,10
206,200417,1
208,200417,2
216,200417,11
218,200417,1
220,200417,1
229,200417,1
230,200417,6
232,200417,1
245,200417,1
246,200417,3
257,200417,2
258,200417,1
260,200417,5
267,200417,1
269,200417,3
270,200417,1
271,200417,5
272,200417,16
273,200417,1
281,200417,3
282,200417,1
283,200417,12
284,200417,2
285,200417,2
291,200417,1
292,200417,6
293,200417,4
294,200417,2
295,200417,16
296,200417,3
298,200417,1
305,200417,16
306,200417,16
307,200417,6
308,200417,1
313,200417,1
314,200417,4
317,200417,5
318,200417,40
319,200417,20
320,200417,8
326,200417,2
328,200417,3
329,200417,65
330,200417,29
331,200417,4
332,200417,1
338,200417,22
339,200417,126
340,200417,12
344,200417,1
346,200417,71
347,200417,52
348,200417,1
349,200417,1
353,200417,77
354,200417,5
359,200417,31
360,200417,1
362,200417,1
365,200417,8
370,200417,2
373,200417,1
376,200417,3
480,200417,1
9,200418,1
15,200418,1
16,200418,1
21,200418,2
22,200418,1
33,200418,1
34,200418,1
35,200418,3
41,200418,1
42,200418,3
43,200418,3
63,200418,1
65,200418,2
75,200418,6
77,200418,28
85,200418,1
86,200418,3
88,200418,7
99,200418,18
102,200418,1
123,200418,2
124,200418,2
136,200418,1
148,200418,15
151,200418,1
170,200418,1
176,200418,3
178,200418,1
185,200418,3
189,200418,2
191,200418,1
197,200418,2
200,200418,1
203,200418,3
204,200418,4
216,200418,8
217,200418,1
220,200418,1
230,200418,9
235,200418,1
242,200418,1
244,200418,1
245,200418,1
246,200418,2
247,200418,1
256,200418,1
258,200418,1
260,200418,3
271,200418,3
272,200418,2
273,200418,1
274,200418,2
280,200418,1
281,200418,2
283,200418,3
284,200418,1
285,200418,2
293,200418,1
295,200418,7
299,200418,1
301,200418,1
302,200418,3
305,200418,4
306,200418,4
307,200418,2
309,200418,1
314,200418,25
317,200418,2
318,200418,19
328,200418,3
329,200418,32
330,200418,11
335,200418,1
338,200418,21
339,200418,32
340,200418,4
346,200418,22
347,200418,25
348,200418,1
353,200418,43
354,200418,3
359,200418,24
365,200418,3
372,200418,1
480,200418,1
16,200419,2
24,200419,1
33,200419,1
35,200419,7
42,200419,2
43,200419,9
49,200419,1
75,200419,4
77,200419,30
87,200419,1
88,200419,6
99,200419,3
101,200419,3
123,200419,5
148,200419,3
168,200419,1
180,200419,1
191,200419,3
198,200419,1
204,200419,3
216,200419,3
229,200419,1
231,200419,1
236,200419,1
242,200419,1
246,200419,2
257,200419,6
258,200419,14
260,200419,4
262,200419,1
270,200419,1
271,200419,1
272,200419,7
281,200419,1
282,200419,1
283,200419,8
284,200419,1
285,200419,1
286,200419,1
292,200419,3
293,200419,1
294,200419,1
295,200419,4
296,200419,7
299,200419,2
303,200419,1
305,200419,4
306,200419,3
309,200419,1
316,200419,1
317,200419,4
318,200419,17
319,200419,7
320,200419,4
328,200419,2
329,200419,44
330,200419,22
331,200419,1
338,200419,15
339,200419,100
340,200419,2
346,200419,64
347,200419,35
348,200419,1
353,200419,76
354,200419,3
355,200419,2
359,200419,30
361,200419,1
365,200419,3
370,200419,2
375,200419,1
376,200419,2
16,200421,3
22,200421,1
26,200421,1
30,200421,1
32,200421,1
34,200421,1
35,200421,5
43,200421,8
44,200421,3
54,200421,1
55,200421,1
66,200421,1
67,200421,2
75,200421,1
76,200421,1
77,200421,88
78,200421,1
83,200421,1
86,200421,2
88,200421,11
89,200421,2
99,200421,7
101,200421,5
113,200421,1
123,200421,6
125,200421,7
135,200421,1
148,200421,7
155,200421,2
161,200421,1
164,200421,1
176,200421,1
180,200421,1
188,200421,2
189,200421,1
190,200421,2
191,200421,11
203,200421,6
204,200421,9
208,200421,1
210,200421,1
216,200421,15
218,200421,2
221,200421,1
229,200421,2
230,200421,7
232,200421,1
233,200421,2
242,200421,2
243,200421,1
246,200421,7
247,200421,2
255,200421,2
256,200421,1
257,200421,1
259,200421,1
260,200421,6
262,200421,1
265,200421,1
267,200421,5
269,200421,1
270,200421,2
271,200421,7
272,200421,23
281,200421,2
282,200421,2
283,200421,10
284,200421,8
289,200421,1
292,200421,3
293,200421,4
294,200421,6
295,200421,26
296,200421,1
299,200421,1
301,200421,1
304,200421,1
305,200421,30
306,200421,10
307,200421,7
314,200421,2
316,200421,1
317,200421,5
318,200421,33
319,200421,5
320,200421,4
328,200421,6
329,200421,80
330,200421,43
331,200421,2
333,200421,7
338,200421,43
339,200421,167
340,200421,5
342,200421,1
346,200421,50
347,200421,44
348,200421,1
353,200421,105
354,200421,8
359,200421,21
360,200421,1
365,200421,3
366,200421,1
370,200421,2
371,200421,1
480,200421,5
552,200421,1
16,200429,4
21,200429,1
22,200429,5
31,200429,3
32,200429,3
35,200429,17
37,200429,1
42,200429,1
43,200429,8
54,200429,1
55,200429,3
62,200429,1
63,200429,1
64,200429,1
65,200429,1
66,200429,3
75,200429,4
77,200429,55
87,200429,1
88,200429,17
89,200429,4
90,200429,4
99,200429,15
100,200429,1
101,200429,2
102,200429,3
109,200429,2
113,200429,2
123,200429,4
124,200429,1
125,200429,5
134,200429,1
135,200429,1
136,200429,1
137,200429,1
138,200429,8
148,200429,150
149,200429,1
151,200429,1
152,200429,1
171,200429,1
175,200429,3
176,200429,3
188,200429,1
191,200429,8
193,200429,1
197,200429,2
198,200429,1
199,200429,1
202,200429,1
203,200429,2
204,200429,10
216,200429,30
218,200429,6
221,200429,2
222,200429,1
229,200429,1
230,200429,3
232,200429,1
240,200429,1
243,200429,1
244,200429,2
245,200429,1
246,200429,3
247,200429,1
255,200429,1
257,200429,2
258,200429,1
259,200429,2
260,200429,1
261,200429,1
262,200429,1
267,200429,1
271,200429,3
272,200429,20
274,200429,3
281,200429,2
282,200429,1
283,200429,4
284,200429,4
292,200429,4
293,200429,1
294,200429,3
295,200429,11
296,200429,2
301,200429,2
303,200429,1
305,200429,21
306,200429,4
307,200429,4
314,200429,8
317,200429,4
318,200429,24
319,200429,1
320,200429,6
322,200429,1
328,200429,4
329,200429,68
330,200429,19
332,200429,1
333,200429,1
338,200429,27
339,200429,117
340,200429,6
346,200429,42
347,200429,35
349,200429,1
353,200429,56
354,200429,1
355,200429,1
359,200429,13
360,200429,1
363,200429,1
365,200429,3
368,200429,1
371,200429,2
375,200429,3
376,200429,6
444,200429,1
480,200429,1
2,200422,1
16,200422,6
21,200422,3
22,200422,7
25,200422,1
34,200422,1
35,200422,13
37,200422,1
42,200422,2
43,200422,7
44,200422,2
54,200422,2
55,200422,2
63,200422,1
64,200422,2
65,200422,2
66,200422,1
75,200422,4
76,200422,1
77,200422,70
86,200422,6
87,200422,2
88,200422,19
89,200422,1
90,200422,1
99,200422,12
100,200422,1
101,200422,5
102,200422,1
105,200422,1
111,200422,1
113,200422,1
123,200422,7
125,200422,3
126,200422,2
135,200422,1
148,200422,88
149,200422,1
150,200422,1
151,200422,1
154,200422,1
164,200422,1
176,200422,1
180,200422,2
188,200422,1
189,200422,3
190,200422,1
191,200422,8
197,200422,4
198,200422,1
202,200422,1
203,200422,3
204,200422,20
208,200422,1
216,200422,9
221,200422,1
230,200422,3
232,200422,1
233,200422,4
234,200422,1
242,200422,1
244,200422,1
246,200422,5
247,200422,2
256,200422,1
258,200422,1
260,200422,7
266,200422,2
267,200422,1
268,200422,2
269,200422,1
271,200422,2
272,200422,6
281,200422,11
282,200422,2
283,200422,6
284,200422,15
285,200422,3
286,200422,1
291,200422,1
292,200422,5
293,200422,7
294,200422,1
295,200422,12
296,200422,7
299,200422,11
305,200422,23
306,200422,7
307,200422,10
312,200422,1
314,200422,1
317,200422,4
318,200422,29
319,200422,4
320,200422,2
328,200422,2
329,200422,66
330,200422,17
331,200422,3
333,200422,1
338,200422,14
339,200422,185
340,200422,13
346,200422,57
347,200422,51
348,200422,2
353,200422,118
354,200422,7
355,200422,1
356,200422,2
359,200422,33
360,200422,1
363,200422,2
365,200422,1
370,200422,1
371,200422,8
375,200422,3
376,200422,3
11,200423,1
16,200423,8
21,200423,5
22,200423,2
31,200423,1
33,200423,1
34,200423,2
35,200423,9
40,200423,1
42,200423,1
43,200423,2
44,200423,2
66,200423,2
75,200423,2
77,200423,53
78,200423,1
86,200423,2
88,200423,17
89,200423,4
99,200423,12
101,200423,5
123,200423,3
138,200423,1
148,200423,144
150,200423,1
151,200423,3
171,200423,1
176,200423,1
183,200423,1
188,200423,6
191,200423,5
203,200423,3
204,200423,6
216,200423,4
217,200423,1
218,200423,4
219,200423,1
220,200423,1
230,200423,8
231,200423,1
234,200423,1
236,200423,1
245,200423,1
246,200423,7
255,200423,5
258,200423,2
260,200423,4
267,200423,1
269,200423,1
270,200423,1
271,200423,4
272,200423,24
273,200423,2
280,200423,1
281,200423,3
283,200423,3
284,200423,4
285,200423,2
292,200423,4
293,200423,3
294,200423,2
295,200423,10
296,200423,2
299,200423,13
303,200423,2
305,200423,23
306,200423,7
307,200423,4
308,200423,2
314,200423,5
317,200423,5
318,200423,35
319,200423,3
320,200423,4
328,200423,4
329,200423,91
330,200423,19
338,200423,48
339,200423,170
340,200423,11
346,200423,50
347,200423,86
348,200423,3
353,200423,102
354,200423,12
355,200423,2
359,200423,46
360,200423,1
361,200423,1
365,200423,3
370,200423,3
371,200423,2
375,200423,2
376,200423,1
471,200423,2
486,200423,1
16,200425,1
24,200425,1
33,200425,1
35,200425,5
40,200425,1
43,200425,2
44,200425,3
56,200425,1
57,200425,1
65,200425,2
66,200425,1
74,200425,1
75,200425,1
76,200425,1
77,200425,34
78,200425,3
86,200425,1
88,200425,18
89,200425,5
99,200425,14
100,200425,4
101,200425,3
123,200425,2
125,200425,3
148,200425,19
149,200425,1
151,200425,1
152,200425,1
161,200425,1
176,200425,1
180,200425,1
185,200425,1
188,200425,1
191,200425,3
197,200425,1
202,200425,1
203,200425,2
204,200425,9
216,200425,4
217,200425,1
218,200425,1
219,200425,1
221,200425,1
230,200425,3
232,200425,4
234,200425,2
241,200425,2
242,200425,5
245,200425,8
246,200425,2
248,200425,1
258,200425,1
260,200425,2
267,200425,1
270,200425,1
271,200425,1
272,200425,6
280,200425,1
281,200425,1
283,200425,3
284,200425,1
292,200425,1
293,200425,2
294,200425,1
295,200425,4
305,200425,4
306,200425,3
307,200425,1
309,200425,1
316,200425,1
317,200425,3
318,200425,10
328,200425,2
329,200425,22
330,200425,3
338,200425,33
339,200425,40
340,200425,2
346,200425,19
347,200425,26
353,200425,27
355,200425,1
359,200425,15
371,200425,1
376,200425,1
480,200425,1
16,200427,5
18,200427,1
21,200427,1
22,200427,1
31,200427,1
32,200427,1
33,200427,1
34,200427,1
35,200427,4
37,200427,1
40,200427,1
42,200427,1
43,200427,8
44,200427,2
54,200427,8
63,200427,1
65,200427,1
75,200427,8
77,200427,49
86,200427,8
87,200427,4
88,200427,37
89,200427,4
90,200427,1
99,200427,11
100,200427,1
101,200427,6
109,200427,1
113,200427,1
122,200427,1
123,200427,5
138,200427,1
148,200427,6
151,200427,2
152,200427,1
161,200427,1
170,200427,1
176,200427,1
180,200427,1
183,200427,1
191,200427,2
197,200427,2
198,200427,1
204,200427,7
205,200427,1
216,200427,2
218,200427,2
230,200427,3
232,200427,6
234,200427,1
236,200427,1
243,200427,1
245,200427,2
246,200427,9
247,200427,2
248,200427,1
255,200427,4
257,200427,1
258,200427,4
259,200427,1
260,200427,9
262,200427,3
267,200427,4
268,200427,1
269,200427,2
270,200427,1
271,200427,3
272,200427,10
273,200427,1
274,200427,1
280,200427,1
281,200427,3
283,200427,4
284,200427,2
285,200427,2
289,200427,1
292,200427,6
293,200427,3
295,200427,13
296,200427,4
299,200427,1
303,200427,3
305,200427,36
306,200427,8
307,200427,4
308,200427,3
309,200427,3
314,200427,4
317,200427,1
318,200427,44
319,200427,7
320,200427,4
329,200427,38
330,200427,16
331,200427,1
338,200427,13
339,200427,57
340,200427,6
341,200427,2
346,200427,34
347,200427,28
353,200427,47
354,200427,6
359,200427,11
363,200427,1
365,200427,2
368,200427,1
370,200427,1
376,200427,2
471,200427,1
22,200426,1
31,200426,1
35,200426,6
36,200426,1
43,200426,5
44,200426,2
53,200426,2
55,200426,2
64,200426,1
65,200426,1
75,200426,2
77,200426,50
78,200426,1
88,200426,11
89,200426,4
99,200426,2
101,200426,7
105,200426,1
110,200426,2
113,200426,1
114,200426,2
123,200426,2
125,200426,3
137,200426,1
138,200426,1
148,200426,17
164,200426,1
170,200426,1
175,200426,1
176,200426,1
177,200426,1
180,200426,2
188,200426,3
191,200426,1
193,200426,2
195,200426,1
196,200426,1
197,200426,3
204,200426,5
216,200426,4
218,200426,2
220,200426,1
230,200426,5
232,200426,3
245,200426,10
246,200426,4
255,200426,1
258,200426,3
260,200426,3
271,200426,1
272,200426,9
281,200426,2
282,200426,4
283,200426,6
284,200426,1
285,200426,1
293,200426,2
294,200426,3
295,200426,3
296,200426,1
299,200426,1
303,200426,2
305,200426,6
306,200426,2
307,200426,1
309,200426,1
316,200426,2
317,200426,3
318,200426,17
319,200426,3
321,200426,1
328,200426,1
329,200426,31
330,200426,6
338,200426,30
339,200426,58
340,200426,3
346,200426,32
347,200426,27
353,200426,49
354,200426,3
359,200426,9
365,200426,2
371,200426,3
375,200426,1
480,200426,1
11,200428,2
16,200428,5
18,200428,1
21,200428,1
22,200428,2
27,200428,1
32,200428,1
33,200428,1
35,200428,15
42,200428,3
43,200428,6
44,200428,1
46,200428,2
54,200428,1
55,200428,5
65,200428,2
66,200428,1
67,200428,1
75,200428,3
77,200428,113
78,200428,2
86,200428,8
87,200428,1
88,200428,23
89,200428,10
90,200428,2
99,200428,7
101,200428,6
102,200428,1
110,200428,1
113,200428,2
123,200428,3
124,200428,1
134,200428,2
138,200428,1
148,200428,88
150,200428,1
151,200428,4
152,200428,1
175,200428,1
176,200428,1
180,200428,1
183,200428,1
188,200428,5
191,200428,11
193,200428,2
195,200428,1
203,200428,2
204,200428,9
216,200428,2
218,200428,13
230,200428,2
236,200428,1
246,200428,3
248,200428,1
252,200428,1
255,200428,2
257,200428,1
258,200428,4
260,200428,8
267,200428,1
269,200428,2
270,200428,2
271,200428,1
272,200428,8
274,200428,1
281,200428,3
282,200428,4
283,200428,7
284,200428,4
285,200428,8
292,200428,4
293,200428,2
294,200428,4
295,200428,13
296,200428,2
303,200428,1
304,200428,1
305,200428,14
306,200428,6
307,200428,2
314,200428,3
317,200428,7
318,200428,36
319,200428,8
320,200428,4
321,200428,1
328,200428,2
329,200428,70
330,200428,23
333,200428,1
338,200428,26
339,200428,93
340,200428,7
346,200428,49
347,200428,36
348,200428,1
353,200428,64
354,200428,5
359,200428,10
360,200428,1
363,200428,1
365,200428,2
371,200428,1
467,200428,1
480,200428,1
16,200430,5
19,200430,2
21,200430,6
22,200430,2
35,200430,8
41,200430,1
42,200430,2
43,200430,7
53,200430,1
54,200430,1
63,200430,1
64,200430,1
66,200430,1
75,200430,5
77,200430,67
78,200430,2
85,200430,1
86,200430,13
87,200430,2
88,200430,18
89,200430,6
99,200430,8
101,200430,10
102,200430,1
110,200430,1
113,200430,2
122,200430,1
123,200430,2
125,200430,3
148,200430,43
149,200430,2
151,200430,2
161,200430,2
176,200430,3
191,200430,1
197,200430,1
198,200430,1
203,200430,1
204,200430,9
216,200430,7
218,200430,5
229,200430,1
230,200430,9
234,200430,1
245,200430,2
246,200430,10
250,200430,1
255,200430,1
258,200430,6
260,200430,4
261,200430,1
267,200430,5
271,200430,1
272,200430,8
275,200430,1
281,200430,2
283,200430,2
284,200430,6
285,200430,1
286,200430,1
291,200430,2
292,200430,4
293,200430,6
294,200430,1
295,200430,6
296,200430,1
303,200430,2
304,200430,2
305,200430,5
306,200430,7
314,200430,1
317,200430,2
318,200430,19
319,200430,5
320,200430,2
328,200430,1
329,200430,44
330,200430,29
333,200430,1
338,200430,21
339,200430,78
340,200430,3
346,200430,49
347,200430,29
353,200430,70
354,200430,2
355,200430,1
359,200430,13
360,200430,1
363,200430,2
365,200430,1
372,200430,1
375,200430,1
376,200430,3
423,200430,1
443,200430,1
480,200430,3
16,200501,6
18,200501,3
21,200501,1
22,200501,1
24,200501,1
32,200501,3
34,200501,1
35,200501,10
41,200501,1
43,200501,8
46,200501,1
53,200501,1
55,200501,2
63,200501,2
65,200501,2
66,200501,1
67,200501,1
75,200501,2
76,200501,1
77,200501,64
78,200501,2
86,200501,11
87,200501,1
88,200501,21
89,200501,8
90,200501,1
99,200501,7
101,200501,9
102,200501,1
111,200501,1
113,200501,1
123,200501,3
125,200501,1
126,200501,1
134,200501,1
148,200501,24
149,200501,1
151,200501,4
161,200501,2
163,200501,2
164,200501,1
174,200501,1
175,200501,2
177,200501,1
188,200501,1
191,200501,2
193,200501,11
198,200501,1
203,200501,1
204,200501,7
216,200501,144
218,200501,2
223,200501,1
230,200501,4
231,200501,1
232,200501,1
236,200501,1
241,200501,1
242,200501,1
246,200501,7
255,200501,1
257,200501,3
258,200501,1
259,200501,1
260,200501,2
262,200501,1
267,200501,6
269,200501,2
272,200501,14
273,200501,1
281,200501,3
282,200501,3
283,200501,3
285,200501,2
291,200501,1
292,200501,4
294,200501,3
295,200501,7
296,200501,2
303,200501,1
305,200501,11
306,200501,6
307,200501,3
309,200501,1
316,200501,1
317,200501,2
318,200501,19
319,200501,7
320,200501,4
328,200501,4
329,200501,38
330,200501,20
333,200501,2
338,200501,17
339,200501,90
340,200501,1
341,200501,1
344,200501,1
346,200501,29
347,200501,35
350,200501,1
353,200501,74
354,200501,2
355,200501,1
359,200501,20
368,200501,1
371,200501,1
375,200501,1
16,200503,2
22,200503,1
32,200503,2
34,200503,1
43,200503,8
46,200503,1
54,200503,1
55,200503,1
57,200503,1
64,200503,1
65,200503,1
75,200503,4
77,200503,23
86,200503,4
87,200503,2
88,200503,10
89,200503,1
99,200503,11
100,200503,1
101,200503,2
110,200503,4
138,200503,1
180,200503,1
204,200503,1
234,200503,1
260,200503,1
267,200503,2
270,200503,1
272,200503,6
282,200503,1
283,200503,1
284,200503,2
287,200503,1
291,200503,1
294,200503,2
295,200503,3
305,200503,1
306,200503,1
307,200503,1
316,200503,1
317,200503,2
318,200503,7
319,200503,6
328,200503,1
329,200503,14
330,200503,7
333,200503,1
338,200503,5
339,200503,52
340,200503,2
342,200503,1
346,200503,23
347,200503,18
353,200503,39
354,200503,2
359,200503,15
360,200503,1
365,200503,6
375,200503,1
376,200503,1
